cik,accession,company,employees,action,evidence
37996,0000037996-26-000015,FORD MOTOR CO,169000,CORRECTED,"With about 169,000 employees worldwide"
1318605,0001628280-26-003952,"Tesla, Inc.",134785,CORRECTED,"As of December 31, 2025, our employee headcount worldwide was 134,785"
732717,0000732717-26-000120,AT&T INC.,133030,CORRECTED,"As of December 31, 2025, we employed approximately 133,030 persons"
313216,0001628280-26-009470,KONINKLIJKE PHILIPS NV,65340,CORRECTED,"The total number of Philips employees was 65,340 at the end of 2025"
912892,0001104659-26-052976,"GRUPO TELEVISA, S.A.B.",26599,CORRECTED,"Total number of employees 26,599 (2025)"
1121404,0001628280-26-008403,Sanofi,74846,CORRECTED,"In 2025, Sanofi employed 74,846 people worldwide"
1791706,0001104659-26-041705,Li Auto Inc.,30728,CORRECTED,"As of December 31, 2023, 2024 and 2025, we had 31,591, 32,248 and 30,728 employees"
1306965,0001628280-26-017024,Shell plc,85000,CORRECTED,"We employed 85,000 people on a full- or part-time basis as of December 31, 2025"
1549802,0001193125-26-157870,"JD.com, Inc.",776682,CORRECTED,"As of December 31, 2023, 2024 and 2025, we had a total of 517,124, 570,895 and 776,682 employees"
728535,0001437749-26-005294,HUNT J B TRANSPORT SERVICES INC,31750,CORRECTED,"As of December 31, 2025, we had 31,750 employees"
1018840,0001018840-26-000012,ABERCROMBIE & FITCH CO /DE/,43200,CORRECTED,"approximately 34,800 associates in the U.S., and approximately 8,400 associates outside (sum)"
1770450,0001770450-26-000009,Xerox Holdings Corp,22900,CORRECTED,"approximately 9,400 employees were located in the U.S. and approximately 13,500 employees (sum)"
1027664,0001027664-26-000005,ELBIT SYSTEMS LTD,,REJECTED,Only union-covered staff in Israel stated; no total in the filing
731766,0000731766-26-000062,UNITEDHEALTH GROUP INC,390000,CHECKED,"we had more than 390,000 employees"
1133421,0001133421-26-000003,NORTHROP GRUMMAN CORP /DE/,95000,CHECKED,"we have approximately 95,000 employees"
40545,0000040545-26-000008,GENERAL ELECTRIC CO,57000,CHECKED,"GE Aerospace and consolidated affiliates employed approximately 57,000 people"
1628369,0001628369-26-000008,Cushman & Wakefield Ltd.,53000,CHECKED,"we had approximately 53,000 employees worldwide"
24545,0000024545-26-000006,MOLSON COORS BEVERAGE CO,16200,CHECKED,"we employed approximately 16,200 employees"
1666700,0001666700-26-000013,"DuPont de Nemours, Inc.",15000,CHECKED,"the Company employed approximately 15,000 people worldwide"
1675149,0001193125-26-077167,Alcoa Corp,14900,CHECKED,"Alcoa had approximately 14,900 employees"
1437107,0001437107-26-000020,"Warner Bros. Discovery, Inc.",35500,CHECKED,"we had approximately 35,500 employees"
1668717,0001193125-26-088105,Anheuser-Busch InBev SA/NV,137000,CHECKED,"we employed approximately 137,000 employees"
1570585,0001570585-26-000014,Liberty Global Ltd.,6636,CHECKED,"6,636 full-time equivalent employees"
